variable,Alabama,Alaska,Arizona,Arkansas,California,Colorado,Connecticut,Delaware,District of Columbia,Florida,Georgia,Hawaii,Idaho,Illinois,Indiana,Iowa,Kansas,Kentucky,Louisiana,Maine,Maryland,Massachusetts,Michigan,Minnesota,Mississippi,Missouri,Montana,Nebraska,Nevada,New Hampshire,New Jersey,New Mexico,New York,North Carolina,North Dakota,Ohio,Oklahoma,Oregon,Pennsylvania,Rhode Island,South Carolina,South Dakota,Tennessee,Texas,Utah,Vermont,Virginia,Washington,West Virginia,Wisconsin,Wyoming,Puerto Rico
total_u050_u19_private,"118,574","11,100","129,901","76,135","587,773","69,549","53,996","13,893","14,295","325,740","235,361","16,623","20,446","205,820","120,094","41,186","41,701","115,520","140,224","16,271","85,173","85,132","189,637","63,796","80,397","91,363","14,858","25,352","54,544","11,846","127,536","61,835","363,999","204,956","7,946","229,502","95,492","54,189","219,402","15,367","110,990","14,865","149,486","665,768","44,031","4,677","127,673","101,038","33,877","76,986","8,703","162,114"
with_u050_u19_private,"16,011","1,356","21,626","7,381","119,066","15,762","11,042","2,808","1,363","62,757","49,439","4,904","4,860","33,710","23,237","8,647","10,305","12,812","17,122","2,591","15,179","18,431","33,813","16,191","12,801","12,923","2,272","4,447","15,266","2,386","26,436","8,544","70,312","33,858","2,521","38,174","11,909","13,503","41,326","4,929","20,660","3,370","25,179","105,310","17,606",369,"29,976","22,320","4,211","13,935","2,487","11,063"
no_u050_u19_private,"102,563","9,744","108,275","68,754","468,707","53,787","42,954","11,085","12,932","262,983","185,922","11,719","15,586","172,110","96,857","32,539","31,396","102,708","123,102","13,680","69,994","66,701","155,824","47,605","67,596","78,440","12,586","20,905","39,278","9,460","101,100","53,291","293,687","171,098","5,425","191,328","83,583","40,686","178,076","10,438","90,330","11,495","124,307","560,458","26,425","4,308","97,697","78,718","29,666","63,051","6,216","151,051"
total_u050_1964_private,"204,512","21,800","265,159","124,212","1,369,085","174,111","106,978","27,701","32,149","749,480","402,768","40,920","50,395","427,513","236,749","90,903","90,457","200,296","219,629","39,430","195,876","204,563","378,114","139,467","124,595","187,570","39,446","53,573","113,926","30,126","232,917","99,517","766,741","371,469","21,197","416,827","171,697","166,587","425,059","32,030","203,718","25,979","256,938","1,065,346","89,776","20,371","261,862","253,350","79,322","174,109","18,153","344,985"
with_u050_1964_private,"77,663","4,921","83,644","33,646","428,667","72,857","31,184","10,385","7,976","290,117","155,207","14,933","20,494","145,954","79,815","37,503","37,883","45,935","53,912","11,868","65,163","73,570","110,096","47,425","38,715","64,605","13,108","22,492","36,580","11,112","65,447","21,491","221,728","134,845","8,558","123,913","47,945","49,748","144,947","10,973","76,317","8,034","82,708","377,136","43,366","6,071","98,336","83,986","19,473","67,636","7,566","30,283"
no_u050_1964_private,"126,849","16,879","181,515","90,566","940,418","101,254","75,794","17,316","24,173","459,363","247,561","25,987","29,901","281,559","156,934","53,400","52,574","154,361","165,717","27,562","130,713","130,993","268,018","92,042","85,880","122,965","26,338","31,081","77,346","19,014","167,470","78,026","545,013","236,624","12,639","292,914","123,752","116,839","280,112","21,057","127,401","17,945","174,230","688,210","46,410","14,300","163,526","169,364","59,849","106,473","10,587","314,702"
total_u050_o65_private,"40,102","2,786","69,742","21,202","290,210","34,635","26,909","7,364","6,519","240,220","79,611","13,443","12,714","97,190","47,075","18,065","19,671","34,263","36,670","9,886","47,099","52,886","75,498","37,653","26,602","47,408","7,653","13,714","27,722","9,832","65,809","20,303","202,344","76,236","4,555","84,842","27,336","35,836","101,176","8,297","40,878","4,201","52,226","196,618","14,246","6,165","60,047","51,601","12,984","45,355","3,396","114,588"
with_u050_o65_private,"17,399","1,005","29,034","8,320","93,988","13,418","11,088","3,592","2,761","97,631","31,318","6,728","5,581","38,502","17,883","8,234","10,253","15,127","12,776","4,440","23,995","21,747","39,694","19,976","10,334","19,510","3,185","7,505","10,058","4,670","24,654","6,391","70,479","30,565","2,136","34,055","11,581","14,432","49,012","3,526","20,021","1,909","22,835","72,768","5,824","2,138","31,016","20,824","5,413","20,263","1,636","13,353"
no_u050_o65_private,"22,703","1,781","40,708","12,882","196,222","21,217","15,821","3,772","3,758","142,589","48,293","6,715","7,133","58,688","29,192","9,831","9,418","19,136","23,894","5,446","23,104","31,139","35,804","17,677","16,268","27,898","4,468","6,209","17,664","5,162","41,155","13,912","131,865","45,671","2,419","50,787","15,755","21,404","52,164","4,771","20,857","2,292","29,391","123,850","8,422","4,027","29,031","30,777","7,571","25,092","1,760","101,235"
total_050099_u19_private,"127,143","10,652","125,307","73,304","719,061","64,725","46,731","18,875","7,387","390,532","246,087","19,323","34,493","202,538","131,057","59,687","51,824","101,634","136,575","14,687","66,216","90,166","194,299","74,572","82,228","112,012","15,244","30,254","58,925","8,291","138,086","56,722","388,073","215,143","8,246","240,770","112,404","62,498","200,129","12,794","114,616","18,370","163,405","774,999","50,339","6,035","114,581","106,802","38,436","86,674","10,882","126,480"
with_050099_u19_private,"21,383","2,354","22,452","11,267","115,817","12,961","5,759","3,638",376,"82,399","45,150","5,151","7,769","27,140","21,657","9,319","10,748","16,735","16,744","2,307","9,147","17,867","40,214","14,779","12,999","23,458","2,822","6,863","12,761","1,681","20,710","6,972","80,111","38,385","1,698","39,906","16,156","12,328","36,939","4,749","18,221","4,028","28,789","125,211","20,920",573,"24,990","20,977","4,949","13,940","3,505","22,894"
no_050099_u19_private,"105,760","8,298","102,855","62,037","603,244","51,764","40,972","15,237","7,011","308,133","200,937","14,172","26,724","175,398","109,400","50,368","41,076","84,899","119,831","12,380","57,069","72,299","154,085","59,793","69,229","88,554","12,422","23,391","46,164","6,610","117,376","49,750","307,962","176,758","6,548","200,864","96,248","50,170","163,190","8,045","96,395","14,342","134,616","649,788","29,419","5,462","89,591","85,825","33,487","72,734","7,377","103,586"
total_050099_1964_private,"214,895","23,377","222,726","128,577","1,168,565","140,627","91,039","28,448","21,892","681,593","374,958","34,537","56,681","362,581","221,316","106,062","88,978","202,257","232,439","40,924","127,203","191,169","364,703","148,618","145,944","210,074","38,521","58,959","91,910","26,322","224,650","92,811","678,671","351,606","22,675","412,379","169,017","136,490","394,840","30,011","184,125","31,187","258,993","1,075,139","86,350","15,867","219,125","204,915","89,622","168,165","18,419","322,572"
with_050099_1964_private,"77,888","6,190","68,694","35,000","330,430","50,627","25,514","6,836","6,547","269,074","140,177","15,220","20,578","104,503","66,746","39,145","39,044","49,236","53,131","9,788","41,485","57,904","97,991","51,677","54,256","70,400","13,724","23,036","25,829","8,348","59,693","22,660","184,180","126,757","12,262","106,519","50,179","37,165","116,612","9,022","72,925","10,293","87,053","375,960","45,247","3,682","73,965","69,161","18,463","57,092","8,548","64,462"
no_050099_1964_private,"137,007","17,187","154,032","93,577","838,135","90,000","65,525","21,612","15,345","412,519","234,781","19,317","36,103","258,078","154,570","66,917","49,934","153,021","179,308","31,136","85,718","133,265","266,712","96,941","91,688","139,674","24,797","35,923","66,081","17,974","164,957","70,151","494,491","224,849","10,413","305,860","118,838","99,325","278,228","20,989","111,200","20,894","171,940","699,179","41,103","12,185","145,160","135,754","71,159","111,073","9,871","258,110"
total_050099_o65_private,"67,646","4,450","91,635","43,194","451,673","50,921","36,289","9,653","8,826","340,551","121,472","16,648","18,906","129,635","65,110","35,250","26,640","66,265","73,409","19,151","51,938","82,709","124,370","56,307","52,318","71,715","13,929","20,226","29,751","11,518","97,490","36,792","303,024","128,776","9,222","143,232","49,790","50,831","160,353","15,868","71,004","10,082","96,762","306,589","19,424","7,298","79,391","74,585","31,465","65,470","4,756","186,635"
with_050099_o65_private,"23,926","1,875","28,044","11,908","110,240","16,143","10,084","3,696","2,282","91,069","42,916","6,220","7,009","42,219","23,631","13,667","11,686","20,287","22,947","6,542","22,697","28,208","47,669","23,990","14,238","23,196","4,764","7,230","9,826","3,671","32,452","9,939","78,855","47,003","5,209","44,348","18,475","15,068","60,932","4,969","24,254","4,273","34,168","81,894","6,566","2,446","29,101","26,399","10,256","24,820","2,209","25,029"
no_050099_o65_private,"43,720","2,575","63,591","31,286","341,433","34,778","26,205","5,957","6,544","249,482","78,556","10,428","11,897","87,416","41,479","21,583","14,954","45,978","50,462","12,609","29,241","54,501","76,701","32,317","38,080","48,519","9,165","12,996","19,925","7,847","65,038","26,853","224,169","81,773","4,013","98,884","31,315","35,763","99,421","10,899","46,750","5,809","62,594","224,695","12,858","4,852","50,290","48,186","21,209","40,650","2,547","161,606"
total_100137_u19_private,"101,363","12,165","141,807","74,724","650,434","70,457","47,965","11,867","6,900","374,871","193,978","16,916","38,071","177,866","123,315","46,708","55,273","95,413","93,749","18,415","80,774","75,435","153,475","85,323","79,663","119,271","18,977","35,749","69,534","12,941","124,379","45,524","289,965","204,000","7,711","200,697","98,074","66,756","206,457","13,635","96,246","17,739","124,120","683,003","50,706","4,673","114,512","102,069","30,238","93,989","8,839","59,435"
with_100137_u19_private,"23,498","3,208","38,911","11,857","132,162","15,829","10,448","3,400","1,026","85,341","43,934","6,737","12,797","44,916","30,979","13,308","18,476","18,127","13,583","5,392","16,724","19,930","45,040","21,158","13,425","35,626","2,794","13,830","21,381","3,337","25,320","6,134","77,889","43,241","3,367","57,341","18,664","15,747","50,592","3,476","22,684","4,193","36,728","147,877","23,024",473,"34,950","25,528","8,376","25,485","2,947","21,621"
no_100137_u19_private,"77,865","8,957","102,896","62,867","518,272","54,628","37,517","8,467","5,874","289,530","150,044","10,179","25,274","132,950","92,336","33,400","36,797","77,286","80,166","13,023","64,050","55,505","108,435","64,165","66,238","83,645","16,183","21,919","48,153","9,604","99,059","39,390","212,076","160,759","4,344","143,356","79,410","51,009","155,865","10,159","73,562","13,546","87,392","535,126","27,682","4,200","79,562","76,541","21,862","68,504","5,892","37,814"
total_100137_1964_private,"174,165","17,938","202,857","115,585","1,073,379","125,336","84,753","20,158","11,690","636,587","332,382","30,917","56,282","297,443","194,939","87,570","83,046","163,245","161,100","37,835","126,172","137,873","276,979","125,686","123,237","193,636","31,461","50,976","93,519","23,164","190,992","82,012","542,044","320,036","16,045","324,550","149,644","115,850","330,273","23,250","168,830","24,859","208,063","989,910","75,729","14,068","186,820","162,765","60,500","137,618","15,767","235,915"
with_100137_1964_private,"88,829","4,834","72,997","40,919","339,681","47,393","23,191","5,596","3,875","294,617","156,522","16,174","25,896","111,079","71,081","33,637","42,257","53,745","48,190","13,552","45,481","44,300","101,782","47,785","52,565","86,016","10,983","25,422","36,419","7,965","57,063","22,571","177,287","133,723","9,267","109,756","56,742","42,613","127,282","8,567","69,457","11,553","93,395","403,925","42,659","3,077","76,285","61,438","20,777","56,997","7,731","74,518"
no_100137_1964_private,"85,336","13,104","129,860","74,666","733,698","77,943","61,562","14,562","7,815","341,970","175,860","14,743","30,386","186,364","123,858","53,933","40,789","109,500","112,910","24,283","80,691","93,573","175,197","77,901","70,672","107,620","20,478","25,554","57,100","15,199","133,929","59,441","364,757","186,313","6,778","214,794","92,902","73,237","202,991","14,683","99,373","13,306","114,668","585,985","33,070","10,991","110,535","101,327","39,723","80,621","8,036","161,397"
total_100137_o65_private,"69,762","6,654","80,456","45,926","384,695","48,048","30,221","9,595","6,899","299,261","119,949","13,910","19,923","125,309","76,083","32,408","30,453","68,220","60,320","19,725","45,751","66,654","112,414","49,678","49,237","69,215","14,445","19,083","34,208","14,308","75,096","31,957","222,607","127,643","6,921","130,057","47,613","52,292","156,595","11,778","65,125","11,345","82,295","273,333","17,160","8,985","78,587","65,303","27,707","68,684","6,119","119,762"
with_100137_o65_private,"26,256","1,952","28,135","16,929","97,487","17,325","11,274","4,323","2,043","91,777","43,125","5,986","7,533","45,164","28,545","14,916","15,186","26,832","22,259","7,934","20,294","25,139","50,213","25,429","16,256","24,955","7,045","7,365","10,867","6,987","26,526","9,324","69,623","49,862","3,590","49,572","17,048","18,255","69,511","5,136","26,042","4,628","32,549","79,443","6,834","4,067","33,194","26,300","10,003","28,565","3,548","23,977"
no_100137_o65_private,"43,506","4,702","52,321","28,997","287,208","30,723","18,947","5,272","4,856","207,484","76,824","7,924","12,390","80,145","47,538","17,492","15,267","41,388","38,061","11,791","25,457","41,515","62,201","24,249","32,981","44,260","7,400","11,718","23,341","7,321","48,570","22,633","152,984","77,781","3,331","80,485","30,565","34,037","87,084","6,642","39,083","6,717","49,746","193,890","10,326","4,918","45,393","39,003","17,704","40,119","2,571","95,785"
total_138149_u19_private,"26,414","5,225","44,255","24,172","234,261","25,695","13,879","4,746",419,"135,970","81,884","4,282","12,909","54,364","41,091","18,757","16,291","25,141","27,702","6,013","28,389","27,041","59,765","23,722","15,835","38,264","5,952","11,610","23,836","3,773","41,629","15,192","100,556","55,303","2,448","71,039","28,120","15,483","64,394","6,375","36,414","6,528","40,740","209,872","18,975","3,050","45,748","36,508","7,900","36,111","4,576","15,242"
with_138149_u19_private,"7,233",730,"11,874","5,260","65,120","6,424","4,136",789,0,"42,024","20,856","1,677","4,148","18,902","12,251","5,973","6,438","7,012","5,703","1,832","7,608","6,501","22,013","8,804","5,716","11,122","1,706","3,042","8,896","1,613","7,005","1,415","34,045","15,516","1,482","23,803","7,302","4,874","18,066","4,202","9,414","3,638","9,393","58,344","10,888",918,"14,918","9,741","2,795","10,721","1,500","7,736"
no_138149_u19_private,"19,181","4,495","32,381","18,912","169,141","19,271","9,743","3,957",419,"93,946","61,028","2,605","8,761","35,462","28,840","12,784","9,853","18,129","21,999","4,181","20,781","20,540","37,752","14,918","10,119","27,142","4,246","8,568","14,940","2,160","34,624","13,777","66,511","39,787",966,"47,236","20,818","10,609","46,328","2,173","27,000","2,890","31,347","151,528","8,087","2,132","30,830","26,767","5,105","25,390","3,076","7,506"
total_138149_1964_private,"49,983","5,639","65,338","35,632","343,961","39,232","23,160","8,123","1,958","221,598","106,954","8,333","19,450","88,386","66,363","24,956","26,591","48,887","47,813","11,523","38,560","41,968","91,636","33,341","36,192","56,774","10,984","14,593","30,131","5,968","59,818","27,662","162,840","97,797","5,293","104,680","45,194","34,440","93,980","12,823","54,944","7,676","71,232","302,203","26,707","4,138","71,772","52,333","15,967","44,142","5,014","67,241"
with_138149_1964_private,"27,829","1,575","24,298","15,686","122,560","15,315","7,902","2,855",624,"118,331","52,144","4,702","9,489","39,649","32,210","11,810","14,801","20,100","19,030","4,995","13,166","14,127","38,924","13,421","18,414","27,278","3,928","7,472","13,135","3,449","21,181","8,301","61,828","44,196","3,986","39,532","21,535","15,573","43,234","4,668","28,717","4,079","29,371","134,652","16,132","1,894","32,142","20,247","8,615","20,003","2,484","31,779"
no_138149_1964_private,"22,154","4,064","41,040","19,946","221,401","23,917","15,258","5,268","1,334","103,267","54,810","3,631","9,961","48,737","34,153","13,146","11,790","28,787","28,783","6,528","25,394","27,841","52,712","19,920","17,778","29,496","7,056","7,121","16,996","2,519","38,637","19,361","101,012","53,601","1,307","65,148","23,659","18,867","50,746","8,155","26,227","3,597","41,861","167,551","10,575","2,244","39,630","32,086","7,352","24,139","2,530","35,462"
total_138149_o65_private,"21,012","2,174","28,555","15,399","102,457","13,111","8,943","2,850","1,314","113,685","34,825","4,071","6,914","39,630","27,313","9,588","10,829","16,078","21,042","7,183","18,317","24,687","37,218","18,053","13,830","21,966","5,452","6,946","10,052","5,405","26,820","8,649","66,452","41,478","2,031","43,820","13,592","17,648","56,911","3,800","20,968","3,035","26,385","79,041","7,690","2,531","25,449","21,503","9,914","21,479","2,200","29,983"
with_138149_o65_private,"8,385",656,"10,012","4,985","32,765","4,182","3,206","1,321",626,"36,107","12,229","2,266","3,508","16,413","13,210","4,458","5,683","6,699","7,313","2,796","8,895","10,247","19,688","9,541","4,872","7,781","2,671","3,987","2,930","2,096","9,705","3,627","25,708","16,886","1,231","18,755","5,633","6,994","27,989","1,214","7,315","2,088","10,041","27,484","2,448",987,"9,399","8,294","4,062","9,999","1,335","5,143"
no_138149_o65_private,"12,627","1,518","18,543","10,414","69,692","8,929","5,737","1,529",688,"77,578","22,596","1,805","3,406","23,217","14,103","5,130","5,146","9,379","13,729","4,387","9,422","14,440","17,530","8,512","8,958","14,185","2,781","2,959","7,122","3,309","17,115","5,022","40,744","24,592",800,"25,065","7,959","10,654","28,922","2,586","13,653",947,"16,344","51,557","5,242","1,544","16,050","13,209","5,852","11,480",865,"24,840"
total_150199_u19_private,"128,050","17,321","177,391","90,177","860,906","104,976","58,044","23,229","5,027","501,116","280,006","24,360","66,905","269,089","194,325","79,414","71,078","118,214","117,571","25,021","108,863","86,518","221,082","113,251","81,489","151,908","22,994","53,516","82,731","15,550","152,981","57,082","362,350","260,882","14,216","272,701","111,839","78,740","259,222","20,823","133,040","29,312","174,099","827,847","93,945","10,443","179,350","144,017","45,029","113,579","14,509","53,984"
with_150199_u19_private,"52,794","5,532","84,156","35,320","306,168","38,431","19,704","8,359","1,548","202,341","109,455","12,927","33,796","130,657","94,048","35,759","36,463","57,570","40,827","12,432","48,283","36,417","124,428","54,930","32,529","73,783","8,947","32,795","38,455","6,408","56,085","18,449","154,205","103,969","9,339","136,492","45,911","33,760","116,088","7,481","58,754","16,076","79,128","312,810","65,922","2,763","82,450","55,320","20,586","56,887","6,863","31,958"
no_150199_u19_private,"75,256","11,789","93,235","54,857","554,738","66,545","38,340","14,870","3,479","298,775","170,551","11,433","33,109","138,432","100,277","43,655","34,615","60,644","76,744","12,589","60,580","50,101","96,654","58,321","48,960","78,125","14,047","20,721","44,276","9,142","96,896","38,633","208,145","156,913","4,877","136,209","65,928","44,980","143,134","13,342","74,286","13,236","94,971","515,037","28,023","7,680","96,900","88,697","24,443","56,692","7,646","22,026"
total_150199_1964_private,"258,338","26,872","329,553","175,436","1,701,792","199,561","119,960","42,004","12,394","1,093,802","509,342","45,448","105,718","510,153","342,644","141,628","135,520","222,816","236,723","61,120","191,192","197,866","441,380","194,282","166,949","284,864","48,700","87,178","160,283","40,085","313,846","114,088","768,456","515,720","30,506","509,607","204,717","177,994","513,300","38,663","254,078","40,908","346,501","1,518,145","144,176","20,637","328,417","278,905","87,649","225,426","24,297","232,696"
with_150199_1964_private,"164,156","12,734","170,141","93,802","776,040","108,676","56,770","22,141","5,813","681,960","293,551","28,937","68,506","291,183","199,061","85,608","91,366","117,765","122,973","33,170","103,755","99,452","256,121","107,749","103,082","173,885","24,782","58,608","85,295","24,797","146,585","53,608","367,687","314,801","22,873","288,994","112,762","94,281","302,372","21,566","154,593","29,025","212,209","828,577","102,283","10,752","187,838","149,180","51,713","137,490","16,705","127,007"
no_150199_1964_private,"94,182","14,138","159,412","81,634","925,752","90,885","63,190","19,863","6,581","411,842","215,791","16,511","37,212","218,970","143,583","56,020","44,154","105,051","113,750","27,950","87,437","98,414","185,259","86,533","63,867","110,979","23,918","28,570","74,988","15,288","167,261","60,480","400,769","200,919","7,633","220,613","91,955","83,713","210,928","17,097","99,485","11,883","134,292","689,568","41,893","9,885","140,579","129,725","35,936","87,936","7,592","105,689"
total_150199_o65_private,"95,434","7,680","111,194","56,754","471,551","66,030","51,226","13,896","3,822","434,231","145,025","18,043","28,920","179,709","114,190","54,005","47,018","87,688","85,249","30,682","63,843","86,277","166,901","73,438","55,160","108,502","22,572","28,309","50,954","20,297","108,838","39,722","274,836","187,425","10,454","206,537","66,818","61,072","230,740","19,223","101,558","13,084","123,597","361,724","28,999","11,249","113,702","93,383","47,777","92,862","12,516","97,508"
with_150199_o65_private,"46,068","2,846","43,044","22,119","154,828","24,595","21,585","7,457","1,824","157,904","55,409","10,948","13,080","77,861","53,464","27,590","24,761","41,204","37,251","13,539","34,897","40,380","91,643","42,812","23,270","44,720","11,483","13,716","17,179","9,339","47,772","17,762","120,031","81,420","6,793","90,217","31,580","28,368","120,225","7,636","48,133","5,725","50,093","131,722","11,899","6,016","55,618","44,177","23,211","43,063","6,503","23,953"
no_150199_o65_private,"49,366","4,834","68,150","34,635","316,723","41,435","29,641","6,439","1,998","276,327","89,616","7,095","15,840","101,848","60,726","26,415","22,257","46,484","47,998","17,143","28,946","45,897","75,258","30,626","31,890","63,782","11,089","14,593","33,775","10,958","61,066","21,960","154,805","106,005","3,661","116,320","35,238","32,704","110,515","11,587","53,425","7,359","73,504","230,002","17,100","5,233","58,084","49,206","24,566","49,799","6,013","73,555"
total_200249_u19_private,"114,460","14,719","165,615","72,322","790,793","97,359","55,692","18,937","5,135","461,673","254,176","24,887","52,152","234,191","166,473","76,623","82,218","94,418","101,471","23,627","105,329","90,454","206,419","119,533","68,008","142,956","26,757","53,065","74,700","21,044","151,876","43,615","308,296","220,617","19,367","232,417","110,667","73,901","249,483","12,608","124,518","26,003","161,677","745,924","101,236","10,019","147,790","136,153","36,560","105,067","14,548","33,412"
with_200249_u19_private,"66,891","8,571","102,161","38,323","367,342","53,484","23,793","8,656",741,"239,186","133,174","14,824","35,512","140,797","104,129","48,318","59,925","54,266","48,750","14,955","54,274","46,672","136,179","76,902","40,116","83,342","14,663","36,257","46,521","11,060","72,966","18,068","163,257","123,164","13,313","147,036","59,080","39,709","147,031","7,759","63,334","21,085","93,968","408,615","81,563","5,264","84,090","61,699","21,747","74,283","9,042","25,620"
no_200249_u19_private,"47,569","6,148","63,454","33,999","423,451","43,875","31,899","10,281","4,394","222,487","121,002","10,063","16,640","93,394","62,344","28,305","22,293","40,152","52,721","8,672","51,055","43,782","70,240","42,631","27,892","59,614","12,094","16,808","28,179","9,984","78,910","25,547","145,039","97,453","6,054","85,381","51,587","34,192","102,452","4,849","61,184","4,918","67,709","337,309","19,673","4,755","63,700","74,454","14,813","30,784","5,506","7,792"
total_200249_1964_private,"246,330","28,266","339,159","163,549","1,648,192","209,288","124,931","39,738","14,843","1,085,214","522,128","48,943","88,450","502,079","309,357","144,130","139,142","213,643","213,114","58,562","198,327","205,499","452,424","212,180","145,634","290,420","59,052","96,992","161,991","43,690","329,124","95,521","697,877","506,557","33,239","510,930","207,055","182,803","524,499","31,733","266,412","41,833","346,512","1,442,766","154,050","21,858","301,693","270,344","89,129","221,340","24,218","169,009"
with_200249_1964_private,"181,062","17,336","214,895","105,046","887,178","131,774","67,239","23,420","6,653","730,722","347,110","36,117","60,651","329,943","214,491","103,527","105,706","142,809","128,472","39,202","119,592","123,959","308,179","144,368","108,991","204,535","38,265","75,054","103,282","28,710","188,413","52,626","412,971","349,830","27,171","345,073","134,016","113,441","361,740","21,302","186,343","34,447","231,680","895,825","119,224","14,237","191,078","166,842","58,202","165,310","16,939","110,348"
no_200249_1964_private,"65,268","10,930","124,264","58,503","761,014","77,514","57,692","16,318","8,190","354,492","175,018","12,826","27,799","172,136","94,866","40,603","33,436","70,834","84,642","19,360","78,735","81,540","144,245","67,812","36,643","85,885","20,787","21,938","58,709","14,980","140,711","42,895","284,906","156,727","6,068","165,857","73,039","69,362","162,759","10,431","80,069","7,386","114,832","546,941","34,826","7,621","110,615","103,502","30,927","56,030","7,279","58,661"
total_200249_o65_private,"90,819","7,930","122,883","58,804","443,409","67,551","49,293","18,398","4,050","400,686","143,714","19,632","28,503","180,199","113,954","60,191","43,325","83,032","74,620","29,911","65,653","88,436","175,409","80,675","46,716","107,316","18,934","27,817","45,327","22,480","118,291","34,515","251,274","170,393","10,523","215,983","60,366","68,374","228,078","12,557","90,581","14,915","111,691","355,856","31,385","12,095","98,758","96,497","38,816","106,311","9,912","65,871"
with_200249_o65_private,"48,322","3,844","54,683","29,007","170,236","30,339","22,994","11,136","2,093","153,208","64,507","12,036","13,308","91,627","55,101","35,664","25,441","44,162","34,681","15,471","37,834","52,114","104,984","49,337","22,695","49,307","9,585","15,016","17,485","11,742","56,062","17,373","124,779","82,343","6,784","110,345","30,107","32,235","125,503","7,045","48,425","9,089","49,402","149,896","15,192","6,321","49,164","46,466","21,512","55,699","5,097","22,475"
no_200249_o65_private,"42,497","4,086","68,200","29,797","273,173","37,212","26,299","7,262","1,957","247,478","79,207","7,596","15,195","88,572","58,853","24,527","17,884","38,870","39,939","14,440","27,819","36,322","70,425","31,338","24,021","58,009","9,349","12,801","27,842","10,738","62,229","17,142","126,495","88,050","3,739","105,638","30,259","36,139","102,575","5,512","42,156","5,826","62,289","205,960","16,193","5,774","49,594","50,031","17,304","50,612","4,815","43,396"
total_250299_u19_private,"110,154","15,248","136,814","64,366","684,627","102,147","58,311","20,106","12,835","389,539","222,461","24,853","52,509","224,947","159,890","70,227","67,726","83,730","90,366","23,484","109,898","84,843","185,542","112,480","60,966","129,006","25,456","48,840","63,541","23,491","137,747","39,374","274,396","206,910","18,831","220,798","90,974","76,538","216,567","16,917","97,548","16,250","149,491","634,629","107,274","9,842","152,081","143,267","33,206","122,398","11,140","26,982"
with_250299_u19_private,"77,189","8,139","90,291","36,191","403,200","63,135","31,962","13,151","6,983","243,606","139,810","16,582","38,514","156,208","112,805","51,004","47,972","54,322","52,222","18,958","69,648","55,585","141,430","80,767","39,934","97,198","15,211","38,053","44,436","14,480","81,991","17,743","174,445","130,190","17,333","163,641","61,366","52,045","151,350","11,748","64,355","13,944","98,416","408,402","93,802","5,212","108,687","90,958","24,648","94,989","9,511","21,826"
no_250299_u19_private,"32,965","7,109","46,523","28,175","281,427","39,012","26,349","6,955","5,852","145,933","82,651","8,271","13,995","68,739","47,085","19,223","19,754","29,408","38,144","4,526","40,250","29,258","44,112","31,713","21,032","31,808","10,245","10,787","19,105","9,011","55,756","21,631","99,951","76,720","1,498","57,157","29,608","24,493","65,217","5,169","33,193","2,306","51,075","226,227","13,472","4,630","43,394","52,309","8,558","27,409","1,629","5,156"
total_250299_1964_private,"251,528","31,153","343,607","145,533","1,704,541","251,373","134,785","46,765","24,661","1,101,732","527,445","52,100","93,813","562,542","343,567","159,605","142,814","210,149","210,421","71,059","234,803","236,187","477,850","244,424","136,371","295,484","56,594","99,302","164,037","53,552","347,129","99,577","764,736","519,371","34,955","561,110","204,093","191,524","555,539","45,709","267,804","39,377","367,973","1,478,983","174,361","28,224","344,794","312,673","85,905","293,210","27,329","136,587"
with_250299_1964_private,"193,361","19,877","235,573","107,498","1,075,547","177,664","86,610","33,275","14,369","790,691","386,519","41,838","68,773","421,709","265,690","130,843","115,704","151,749","145,805","52,106","164,985","163,433","367,392","186,526","107,160","232,866","40,531","82,941","122,944","42,392","230,322","60,358","506,372","382,908","30,797","429,322","150,266","136,294","431,554","34,446","202,402","32,202","273,925","1,012,424","145,217","20,709","251,115","226,489","64,348","236,812","22,019","103,561"
no_250299_1964_private,"58,167","11,276","108,034","38,035","628,994","73,709","48,175","13,490","10,292","311,041","140,926","10,262","25,040","140,833","77,877","28,762","27,110","58,400","64,616","18,953","69,818","72,754","110,458","57,898","29,211","62,618","16,063","16,361","41,093","11,160","116,807","39,219","258,364","136,463","4,158","131,788","53,827","55,230","123,985","11,263","65,402","7,175","94,048","466,559","29,144","7,515","93,679","86,184","21,557","56,398","5,310","33,026"
total_250299_o65_private,"75,583","7,252","118,267","48,163","425,397","69,825","41,728","18,063","3,799","405,220","139,368","18,804","30,626","170,217","108,928","50,244","44,731","71,294","66,607","25,327","68,325","83,236","178,220","82,436","46,208","105,631","18,654","26,459","45,114","18,660","106,757","30,322","241,445","160,560","11,698","204,376","56,460","65,436","224,446","14,800","87,635","12,542","111,729","327,026","33,681","12,154","103,556","97,336","38,247","101,242","9,782","44,638"
with_250299_o65_private,"42,732","4,478","54,889","24,194","177,611","34,668","19,377","11,453","1,961","174,696","67,793","11,284","16,576","95,196","61,713","30,285","24,845","40,935","30,375","13,009","41,899","48,446","119,252","54,890","22,998","54,207","9,325","16,095","17,295","9,382","56,366","15,033","123,131","86,430","7,036","109,251","31,717","36,174","128,302","8,209","48,132","8,815","55,563","150,024","17,028","7,496","58,138","56,629","24,161","58,094","4,399","15,085"
no_250299_o65_private,"32,851","2,774","63,378","23,969","247,786","35,157","22,351","6,610","1,838","230,524","71,575","7,520","14,050","75,021","47,215","19,959","19,886","30,359","36,232","12,318","26,426","34,790","58,968","27,546","23,210","51,424","9,329","10,364","27,819","9,278","50,391","15,289","118,314","74,130","4,662","95,125","24,743","29,262","96,144","6,591","39,503","3,727","56,166","177,002","16,653","4,658","45,418","40,707","14,086","43,148","5,383","29,553"
total_300399_u19_private,"153,257","23,017","227,396","94,228","1,061,209","175,072","82,755","27,534","6,271","641,466","336,570","53,981","75,653","386,302","238,439","113,892","109,126","144,060","132,299","42,972","184,580","163,697","312,244","187,956","88,238","212,740","39,346","75,463","100,112","43,360","231,273","60,893","466,331","319,864","23,191","380,842","129,689","120,908","367,276","27,213","153,871","39,347","214,708","1,023,093","194,367","16,758","247,576","231,817","54,031","210,131","26,110","24,670"
with_300399_u19_private,"121,051","16,453","174,305","73,901","746,247","128,778","65,701","20,989","4,516","464,870","257,086","43,361","59,692","303,126","198,495","95,483","91,488","117,506","99,792","32,387","137,391","124,257","264,127","156,069","65,259","174,449","31,549","65,052","78,758","35,269","174,501","39,021","341,340","246,333","20,774","310,485","100,002","88,362","293,766","21,357","119,161","35,046","166,829","742,997","169,498","12,678","201,249","166,895","45,035","182,623","20,710","21,377"
no_300399_u19_private,"32,206","6,564","53,091","20,327","314,962","46,294","17,054","6,545","1,755","176,596","79,484","10,620","15,961","83,176","39,944","18,409","17,638","26,554","32,507","10,585","47,189","39,440","48,117","31,887","22,979","38,291","7,797","10,411","21,354","8,091","56,772","21,872","124,991","73,531","2,417","70,357","29,687","32,546","73,510","5,856","34,710","4,301","47,879","280,096","24,869","4,080","46,327","64,922","8,996","27,508","5,400","3,293"
total_300399_1964_private,"414,507","51,929","627,525","256,860","3,015,532","487,668","232,391","81,043","35,419","1,913,030","891,619","119,985","184,477","1,044,148","606,207","280,883","250,781","382,216","347,518","120,673","441,539","463,264","829,658","474,390","243,077","546,924","93,785","169,420","289,096","115,746","601,125","167,356","1,434,963","920,601","66,107","999,412","335,563","337,358","1,072,868","94,109","426,107","82,164","615,822","2,596,068","328,945","55,097","650,517","604,362","143,311","541,082","54,698","154,656"
with_300399_1964_private,"350,607","36,599","479,228","213,537","2,161,073","374,858","181,007","61,566","27,593","1,495,777","715,228","103,531","146,547","840,964","512,432","242,812","216,863","319,516","271,366","96,861","348,261","356,986","688,850","408,246","203,045","466,291","76,285","146,094","222,187","98,175","459,819","121,865","1,072,139","761,184","60,182","831,423","264,957","271,006","899,420","73,777","358,159","74,386","510,988","1,967,666","280,729","44,419","531,787","477,266","118,618","473,347","46,974","123,518"
no_300399_1964_private,"63,900","15,330","148,297","43,323","854,459","112,810","51,384","19,477","7,826","417,253","176,391","16,454","37,930","203,184","93,775","38,071","33,918","62,700","76,152","23,812","93,278","106,278","140,808","66,144","40,032","80,633","17,500","23,326","66,909","17,571","141,306","45,491","362,824","159,417","5,925","167,989","70,606","66,352","173,448","20,332","67,948","7,778","104,834","628,402","48,216","10,678","118,730","127,096","24,693","67,735","7,724","31,138"
total_300399_o65_private,"133,371","11,614","195,788","75,619","722,386","130,265","85,473","33,216","7,131","672,954","226,789","41,984","56,024","308,754","184,050","91,076","79,306","113,134","105,314","43,642","124,708","156,818","313,166","157,582","68,518","169,574","35,826","50,404","74,715","40,276","190,145","53,904","441,208","270,707","15,829","339,420","98,708","116,319","371,962","26,025","147,105","23,953","174,785","551,313","59,268","19,143","184,560","186,320","57,833","178,347","17,200","47,510"
with_300399_o65_private,"85,976","7,907","96,725","39,504","352,561","65,869","43,360","21,295","5,007","322,318","122,684","28,727","31,708","178,025","108,672","55,232","46,960","72,800","56,439","24,213","87,316","99,339","219,616","108,924","41,345","92,449","21,544","28,510","34,976","25,531","111,212","32,104","255,904","155,988","10,667","194,710","60,401","64,286","228,486","13,686","91,538","14,727","90,381","277,240","32,132","12,077","111,941","112,122","38,876","103,957","9,818","18,146"
no_300399_o65_private,"47,395","3,707","99,063","36,115","369,825","64,396","42,113","11,921","2,124","350,636","104,105","13,257","24,316","130,729","75,378","35,844","32,346","40,334","48,875","19,429","37,392","57,479","93,550","48,658","27,173","77,125","14,282","21,894","39,739","14,745","78,933","21,800","185,304","114,719","5,162","144,710","38,307","52,033","143,476","12,339","55,567","9,226","84,404","274,073","27,136","7,066","72,619","74,198","18,957","74,390","7,382","29,364"
total_o400_u19_private,"286,990","71,836","497,492","155,877","3,185,031","546,505","336,544","81,029","69,112","1,315,698","783,030","116,153","132,776","1,048,096","453,764","239,186","213,177","259,064","264,420","81,113","631,327","689,126","664,009","556,889","141,041","409,645","71,835","159,071","183,231","121,296","983,991","90,839","1,499,958","711,548","80,792","810,270","225,328","308,224","923,527","84,989","312,915","59,553","429,680","2,270,212","310,421","52,504","812,352","699,202","84,725","444,352","34,941","35,989"
with_o400_u19_private,"256,519","63,548","440,203","139,462","2,876,714","498,295","311,292","75,356","65,400","1,153,619","696,992","103,289","118,650","971,500","411,753","222,722","200,231","234,493","229,948","74,337","571,771","639,663","618,486","521,501","122,856","369,647","62,011","147,094","162,475","111,242","908,809","75,384","1,344,042","644,474","75,410","749,089","194,725","280,130","841,781","76,536","278,711","56,259","389,810","2,008,802","292,172","46,132","749,544","631,360","76,410","416,799","30,599","33,570"
no_o400_u19_private,"30,471","8,288","57,289","16,415","308,317","48,210","25,252","5,673","3,712","162,079","86,038","12,864","14,126","76,596","42,011","16,464","12,946","24,571","34,472","6,776","59,556","49,463","45,523","35,388","18,185","39,998","9,824","11,977","20,756","10,054","75,182","15,455","155,916","67,074","5,382","61,181","30,603","28,094","81,746","8,453","34,204","3,294","39,870","261,410","18,249","6,372","62,808","67,842","8,315","27,553","4,342","2,419"
total_o400_1964_private,"1,057,473","210,158","1,791,805","571,358","11,135,862","1,912,828","1,172,026","272,816","276,899","5,239,025","2,755,061","384,190","435,994","3,515,327","1,574,840","757,045","671,260","929,439","885,658","352,375","2,020,245","2,442,648","2,431,976","1,715,602","512,808","1,439,190","257,519","472,132","773,465","479,788","3,123,167","395,560","5,639,138","2,604,304","205,936","2,825,376","771,322","1,141,644","3,395,436","328,599","1,182,606","204,415","1,651,182","7,387,202","895,110","185,322","2,599,424","2,474,032","326,901","1,576,814","135,992","209,510"
with_o400_1964_private,"985,175","184,946","1,598,504","516,079","9,963,273","1,747,792","1,066,423","252,343","262,209","4,673,566","2,496,554","351,203","391,147","3,258,701","1,447,496","714,075","633,303","850,735","793,946","322,182","1,859,587","2,260,842","2,260,020","1,607,329","471,495","1,343,469","227,964","448,115","683,251","450,084","2,877,095","337,235","5,030,778","2,397,463","195,110","2,619,160","688,769","1,043,960","3,158,233","300,335","1,089,716","193,748","1,521,094","6,573,384","834,719","169,387","2,406,895","2,267,531","300,623","1,487,974","121,994","181,652"
no_o400_1964_private,"72,298","25,212","193,301","55,279","1,172,589","165,036","105,603","20,473","14,690","565,459","258,507","32,987","44,847","256,626","127,344","42,970","37,957","78,704","91,712","30,193","160,658","181,806","171,956","108,273","41,313","95,721","29,555","24,017","90,214","29,704","246,072","58,325","608,360","206,841","10,826","206,216","82,553","97,684","237,203","28,264","92,890","10,667","130,088","813,818","60,391","15,935","192,529","206,501","26,278","88,840","13,998","27,858"
total_o400_o65_private,"313,726","50,613","599,732","168,136","2,912,561","445,433","341,459","102,712","44,362","1,908,742","654,473","151,761","131,290","910,520","404,512","217,659","198,440","241,614","250,152","123,701","556,508","616,989","707,463","434,012","141,017","401,036","89,174","136,869","232,259","138,265","822,097","161,006","1,535,807","712,245","55,693","772,787","235,903","346,783","985,700","92,454","392,771","68,883","441,879","1,652,783","198,607","60,814","722,208","627,897","106,442","427,529","43,847","57,348"
with_o400_o65_private,"221,718","38,800","361,810","109,466","1,748,136","255,726","210,075","72,634","34,392","1,117,117","420,554","121,848","83,163","584,913","255,519","146,692","130,600","163,058","168,628","75,002","432,914","442,268","511,162","310,249","95,255","242,108","59,897","88,247","135,544","95,505","550,144","110,152","1,041,236","464,674","42,893","495,594","162,416","217,896","664,132","60,169","264,845","44,493","290,018","1,011,062","118,435","42,727","525,920","410,837","76,691","264,707","30,103","29,155"
no_o400_o65_private,"92,008","11,813","237,922","58,670","1,164,425","189,707","131,384","30,078","9,970","791,625","233,919","29,913","48,127","325,607","148,993","70,967","67,840","78,556","81,524","48,699","123,594","174,721","196,301","123,763","45,762","158,928","29,277","48,622","96,715","42,760","271,953","50,854","494,571","247,571","12,800","277,193","73,487","128,887","321,568","32,285","127,926","24,390","151,861","641,721","80,172","18,087","196,288","217,060","29,751","162,822","13,744","28,193"
total_u050_u19_public,"118,574","11,100","129,901","76,135","587,773","69,549","53,996","13,893","14,295","325,740","235,361","16,623","20,446","205,820","120,094","41,186","41,701","115,520","140,224","16,271","85,173","85,132","189,637","63,796","80,397","91,363","14,858","25,352","54,544","11,846","127,536","61,835","363,999","204,956","7,946","229,502","95,492","54,189","219,402","15,367","110,990","14,865","149,486","665,768","44,031","4,677","127,673","101,038","33,877","76,986","8,703","162,114"
with_u050_u19_public,"101,123","9,732","97,632","65,646","476,933","56,699","44,200","10,333","13,720","249,646","182,732","12,086","14,764","172,220","95,392","31,182","32,456","101,694","123,530","13,509","64,850","72,418","160,647","49,323","66,499","75,235","10,826","20,313","41,010","9,781","99,927","53,187","317,709","167,372","5,440","186,994","80,040","43,348","180,716","12,080","92,633","12,372","119,232","482,695","23,916","4,157","97,378","78,810","30,610","61,289","6,974","152,517"
no_u050_u19_public,"17,451","1,368","32,269","10,489","110,840","12,850","9,796","3,560",575,"76,094","52,629","4,537","5,682","33,600","24,702","10,004","9,245","13,826","16,694","2,762","20,323","12,714","28,990","14,473","13,898","16,128","4,032","5,039","13,534","2,065","27,609","8,648","46,290","37,584","2,506","42,508","15,452","10,841","38,686","3,287","18,357","2,493","30,254","183,073","20,115",520,"30,295","22,228","3,267","15,697","1,729","9,597"
total_u050_1964_public,"204,512","21,800","265,159","124,212","1,369,085","174,111","106,978","27,701","32,149","749,480","402,768","40,920","50,395","427,513","236,749","90,903","90,457","200,296","219,629","39,430","195,876","204,563","378,114","139,467","124,595","187,570","39,446","53,573","113,926","30,126","232,917","99,517","766,741","371,469","21,197","416,827","171,697","166,587","425,059","32,030","203,718","25,979","256,938","1,065,346","89,776","20,371","261,862","253,350","79,322","174,109","18,153","344,985"
with_u050_1964_public,"73,439","12,140","133,716","70,555","762,043","83,458","63,757","14,364","22,190","257,472","135,333","22,649","21,872","226,506","131,627","45,464","31,322","137,621","144,111","24,441","101,178","121,944","233,853","78,364","47,084","90,794","20,529","23,632","54,515","15,664","119,980","66,265","494,016","158,368","10,600","245,115","86,618","100,737","245,184","19,914","84,046","11,211","107,071","266,083","28,552","12,865","133,780","143,682","51,845","89,432","5,151","293,250"
no_u050_1964_public,"131,073","9,660","131,443","53,657","607,042","90,653","43,221","13,337","9,959","492,008","267,435","18,271","28,523","201,007","105,122","45,439","59,135","62,675","75,518","14,989","94,698","82,619","144,261","61,103","77,511","96,776","18,917","29,941","59,411","14,462","112,937","33,252","272,725","213,101","10,597","171,712","85,079","65,850","179,875","12,116","119,672","14,768","149,867","799,263","61,224","7,506","128,082","109,668","27,477","84,677","13,002","51,735"
total_u050_o65_public,"40,102","2,786","69,742","21,202","290,210","34,635","26,909","7,364","6,519","240,220","79,611","13,443","12,714","97,190","47,075","18,065","19,671","34,263","36,670","9,886","47,099","52,886","75,498","37,653","26,602","47,408","7,653","13,714","27,722","9,832","65,809","20,303","202,344","76,236","4,555","84,842","27,336","35,836","101,176","8,297","40,878","4,201","52,226","196,618","14,246","6,165","60,047","51,601","12,984","45,355","3,396","114,588"
with_u050_o65_public,"37,163","2,571","61,051","20,297","260,557","32,759","25,630","6,920","5,971","211,482","72,881","11,971","12,281","89,924","44,934","17,009","18,274","31,942","34,427","9,550","43,479","49,181","71,460","36,072","25,345","44,309","7,287","12,652","24,390","9,582","61,108","19,194","189,631","70,858","4,219","80,652","25,119","34,340","93,819","7,868","39,197","3,967","48,610","171,721","13,321","5,913","56,552","47,696","12,440","42,531","3,094","110,214"
no_u050_o65_public,"2,939",215,"8,691",905,"29,653","1,876","1,279",444,548,"28,738","6,730","1,472",433,"7,266","2,141","1,056","1,397","2,321","2,243",336,"3,620","3,705","4,038","1,581","1,257","3,099",366,"1,062","3,332",250,"4,701","1,109","12,713","5,378",336,"4,190","2,217","1,496","7,357",429,"1,681",234,"3,616","24,897",925,252,"3,495","3,905",544,"2,824",302,"4,374"
total_050099_u19_public,"127,143","10,652","125,307","73,304","719,061","64,725","46,731","18,875","7,387","390,532","246,087","19,323","34,493","202,538","131,057","59,687","51,824","101,634","136,575","14,687","66,216","90,166","194,299","74,572","82,228","112,012","15,244","30,254","58,925","8,291","138,086","56,722","388,073","215,143","8,246","240,770","112,404","62,498","200,129","12,794","114,616","18,370","163,405","774,999","50,339","6,035","114,581","106,802","38,436","86,674","10,882","126,480"
with_050099_u19_public,"106,639","8,680","93,307","62,497","618,263","51,955","40,912","15,757","7,387","296,163","192,892","14,594","27,141","177,774","109,547","50,747","41,885","85,857","122,448","12,293","55,637","75,844","162,984","63,969","67,384","90,860","12,476","22,025","48,218","6,709","112,612","49,380","342,254","174,412","6,150","207,731","92,508","53,098","164,500","9,328","93,378","12,883","130,902","568,750","26,176","5,698","94,192","88,234","35,026","71,591","7,290","105,521"
no_050099_u19_public,"20,504","1,972","32,000","10,807","100,798","12,770","5,819","3,118",0,"94,369","53,195","4,729","7,352","24,764","21,510","8,940","9,939","15,777","14,127","2,394","10,579","14,322","31,315","10,603","14,844","21,152","2,768","8,229","10,707","1,582","25,474","7,342","45,819","40,731","2,096","33,039","19,896","9,400","35,629","3,466","21,238","5,487","32,503","206,249","24,163",337,"20,389","18,568","3,410","15,083","3,592","20,959"
total_050099_1964_public,"214,895","23,377","222,726","128,577","1,168,565","140,627","91,039","28,448","21,892","681,593","374,958","34,537","56,681","362,581","221,316","106,062","88,978","202,257","232,439","40,924","127,203","191,169","364,703","148,618","145,944","210,074","38,521","58,959","91,910","26,322","224,650","92,811","678,671","351,606","22,675","412,379","169,017","136,490","394,840","30,011","184,125","31,187","258,993","1,075,139","86,350","15,867","219,125","204,915","89,622","168,165","18,419","322,572"
with_050099_1964_public,"102,210","14,758","116,943","80,402","717,394","74,864","56,193","16,758","14,540","262,506","138,715","20,282","31,056","219,979","133,421","61,763","33,631","142,778","162,719","28,455","69,805","133,201","252,485","88,435","70,569","111,683","20,888","28,168","51,526","16,535","127,613","59,035","491,058","161,636","8,615","275,477","88,653","91,038","258,082","20,530","88,859","13,403","126,081","309,628","28,051","12,225","126,537","115,827","68,285","96,601","5,123","236,154"
no_050099_1964_public,"112,685","8,619","105,783","48,175","451,171","65,763","34,846","11,690","7,352","419,087","236,243","14,255","25,625","142,602","87,895","44,299","55,347","59,479","69,720","12,469","57,398","57,968","112,218","60,183","75,375","98,391","17,633","30,791","40,384","9,787","97,037","33,776","187,613","189,970","14,060","136,902","80,364","45,452","136,758","9,481","95,266","17,784","132,912","765,511","58,299","3,642","92,588","89,088","21,337","71,564","13,296","86,418"
total_050099_o65_public,"67,646","4,450","91,635","43,194","451,673","50,921","36,289","9,653","8,826","340,551","121,472","16,648","18,906","129,635","65,110","35,250","26,640","66,265","73,409","19,151","51,938","82,709","124,370","56,307","52,318","71,715","13,929","20,226","29,751","11,518","97,490","36,792","303,024","128,776","9,222","143,232","49,790","50,831","160,353","15,868","71,004","10,082","96,762","306,589","19,424","7,298","79,391","74,585","31,465","65,470","4,756","186,635"
with_050099_o65_public,"66,839","4,386","89,990","42,993","441,429","49,879","35,803","9,282","8,681","331,470","118,652","16,454","18,349","126,308","64,129","34,661","26,341","65,090","72,276","18,868","50,896","81,422","122,033","55,824","51,336","70,298","13,887","19,646","29,130","11,446","94,695","35,595","296,934","125,558","9,205","140,534","48,899","50,174","158,235","15,798","70,077","9,908","94,969","293,925","19,294","7,276","77,393","72,829","31,388","64,612","4,651","183,601"
no_050099_o65_public,807,64,"1,645",201,"10,244","1,042",486,371,145,"9,081","2,820",194,557,"3,327",981,589,299,"1,175","1,133",283,"1,042","1,287","2,337",483,982,"1,417",42,580,621,72,"2,795","1,197","6,090","3,218",17,"2,698",891,657,"2,118",70,927,174,"1,793","12,664",130,22,"1,998","1,756",77,858,105,"3,034"
total_100137_u19_public,"101,363","12,165","141,807","74,724","650,434","70,457","47,965","11,867","6,900","374,871","193,978","16,916","38,071","177,866","123,315","46,708","55,273","95,413","93,749","18,415","80,774","75,435","153,475","85,323","79,663","119,271","18,977","35,749","69,534","12,941","124,379","45,524","289,965","204,000","7,711","200,697","98,074","66,756","206,457","13,635","96,246","17,739","124,120","683,003","50,706","4,673","114,512","102,069","30,238","93,989","8,839","59,435"
with_100137_u19_public,"80,226","8,285","103,698","55,064","533,876","54,510","37,985","10,737","6,260","274,181","144,621","10,963","28,691","144,448","93,647","36,103","35,375","80,658","78,534","14,476","63,104","59,895","118,790","65,015","60,803","79,338","14,280","25,706","49,357","11,299","99,618","39,546","233,178","158,855","5,528","142,050","77,985","55,133","158,043","12,123","70,051","11,896","87,136","475,126","24,901","4,377","82,379","77,999","24,174","69,951","6,675","38,244"
no_100137_u19_public,"21,137","3,880","38,109","19,660","116,558","15,947","9,980","1,130",640,"100,690","49,357","5,953","9,380","33,418","29,668","10,605","19,898","14,755","15,215","3,939","17,670","15,540","34,685","20,308","18,860","39,933","4,697","10,043","20,177","1,642","24,761","5,978","56,787","45,145","2,183","58,647","20,089","11,623","48,414","1,512","26,195","5,843","36,984","207,877","25,805",296,"32,133","24,070","6,064","24,038","2,164","21,191"
total_100137_1964_public,"174,165","17,938","202,857","115,585","1,073,379","125,336","84,753","20,158","11,690","636,587","332,382","30,917","56,282","297,443","194,939","87,570","83,046","163,245","161,100","37,835","126,172","137,873","276,979","125,686","123,237","193,636","31,461","50,976","93,519","23,164","190,992","82,012","542,044","320,036","16,045","324,550","149,644","115,850","330,273","23,250","168,830","24,859","208,063","989,910","75,729","14,068","186,820","162,765","60,500","137,618","15,767","235,915"
with_100137_1964_public,"58,592","10,219","95,893","55,225","619,392","62,923","49,709","12,303","7,531","209,708","95,827","15,409","26,019","153,983","107,589","45,564","24,692","101,901","90,898","22,241","61,682","92,243","162,048","72,654","42,155","77,646","14,852","19,846","38,745","11,850","96,069","48,859","343,556","117,469","6,329","183,146","64,475","66,682","188,685","14,625","63,953","8,034","82,105","225,272","22,381","10,523","92,253","83,630","34,520","68,524","4,553","140,188"
no_100137_1964_public,"115,573","7,719","106,964","60,360","453,987","62,413","35,044","7,855","4,159","426,879","236,555","15,508","30,263","143,460","87,350","42,006","58,354","61,344","70,202","15,594","64,490","45,630","114,931","53,032","81,082","115,990","16,609","31,130","54,774","11,314","94,923","33,153","198,488","202,567","9,716","141,404","85,169","49,168","141,588","8,625","104,877","16,825","125,958","764,638","53,348","3,545","94,567","79,135","25,980","69,094","11,214","95,727"
total_100137_o65_public,"69,762","6,654","80,456","45,926","384,695","48,048","30,221","9,595","6,899","299,261","119,949","13,910","19,923","125,309","76,083","32,408","30,453","68,220","60,320","19,725","45,751","66,654","112,414","49,678","49,237","69,215","14,445","19,083","34,208","14,308","75,096","31,957","222,607","127,643","6,921","130,057","47,613","52,292","156,595","11,778","65,125","11,345","82,295","273,333","17,160","8,985","78,587","65,303","27,707","68,684","6,119","119,762"
with_100137_o65_public,"68,685","6,269","78,286","45,675","375,986","47,852","29,900","9,595","6,719","288,779","115,148","13,580","19,771","121,489","75,034","31,971","29,933","67,712","59,115","19,565","44,434","65,304","110,979","48,993","47,946","68,610","14,275","18,935","33,048","14,138","72,372","30,990","218,083","125,414","6,758","127,827","47,016","51,399","153,145","11,109","64,277","10,944","81,470","262,399","16,721","8,740","76,846","64,256","27,613","67,684","6,119","116,224"
no_100137_o65_public,"1,077",385,"2,170",251,"8,709",196,321,0,180,"10,482","4,801",330,152,"3,820","1,049",437,520,508,"1,205",160,"1,317","1,350","1,435",685,"1,291",605,170,148,"1,160",170,"2,724",967,"4,524","2,229",163,"2,230",597,893,"3,450",669,848,401,825,"10,934",439,245,"1,741","1,047",94,"1,000",0,"3,538"
total_138149_u19_public,"26,414","5,225","44,255","24,172","234,261","25,695","13,879","4,746",419,"135,970","81,884","4,282","12,909","54,364","41,091","18,757","16,291","25,141","27,702","6,013","28,389","27,041","59,765","23,722","15,835","38,264","5,952","11,610","23,836","3,773","41,629","15,192","100,556","55,303","2,448","71,039","28,120","15,483","64,394","6,375","36,414","6,528","40,740","209,872","18,975","3,050","45,748","36,508","7,900","36,111","4,576","15,242"
with_138149_u19_public,"19,970","4,260","30,178","16,480","174,700","20,204","11,258","2,805",419,"88,178","60,562","3,081","9,283","39,027","28,377","14,737","9,219","18,862","22,421","4,179","18,180","22,266","42,580","18,011","10,428","27,530","4,162","9,239","13,610","1,879","34,470","12,691","74,203","39,683","1,547","48,648","20,528","11,365","45,696","3,414","26,054","3,804","29,414","122,873","8,434","2,355","29,803","28,851","5,782","26,101","3,452","7,334"
no_138149_u19_public,"6,444",965,"14,077","7,692","59,561","5,491","2,621","1,941",0,"47,792","21,322","1,201","3,626","15,337","12,714","4,020","7,072","6,279","5,281","1,834","10,209","4,775","17,185","5,711","5,407","10,734","1,790","2,371","10,226","1,894","7,159","2,501","26,353","15,620",901,"22,391","7,592","4,118","18,698","2,961","10,360","2,724","11,326","86,999","10,541",695,"15,945","7,657","2,118","10,010","1,124","7,908"
total_138149_1964_public,"49,983","5,639","65,338","35,632","343,961","39,232","23,160","8,123","1,958","221,598","106,954","8,333","19,450","88,386","66,363","24,956","26,591","48,887","47,813","11,523","38,560","41,968","91,636","33,341","36,192","56,774","10,984","14,593","30,131","5,968","59,818","27,662","162,840","97,797","5,293","104,680","45,194","34,440","93,980","12,823","54,944","7,676","71,232","302,203","26,707","4,138","71,772","52,333","15,967","44,142","5,014","67,241"
with_138149_1964_public,"12,443","3,072","28,047","14,065","183,095","18,551","13,534","2,571","1,337","56,880","27,519","3,940","7,162","38,575","28,957","12,482","5,835","25,777","24,167","5,310","17,176","27,202","48,853","17,740","11,983","22,836","5,635","6,702","11,842","2,375","26,891","15,503","96,328","33,866","1,461","52,737","16,726","15,240","46,845","8,256","17,381","2,388","25,791","61,554","6,779","2,611","30,791","24,656","8,017","21,285",720,"31,401"
no_138149_1964_public,"37,540","2,567","37,291","21,567","160,866","20,681","9,626","5,552",621,"164,718","79,435","4,393","12,288","49,811","37,406","12,474","20,756","23,110","23,646","6,213","21,384","14,766","42,783","15,601","24,209","33,938","5,349","7,891","18,289","3,593","32,927","12,159","66,512","63,931","3,832","51,943","28,468","19,200","47,135","4,567","37,563","5,288","45,441","240,649","19,928","1,527","40,981","27,677","7,950","22,857","4,294","35,840"
total_138149_o65_public,"21,012","2,174","28,555","15,399","102,457","13,111","8,943","2,850","1,314","113,685","34,825","4,071","6,914","39,630","27,313","9,588","10,829","16,078","21,042","7,183","18,317","24,687","37,218","18,053","13,830","21,966","5,452","6,946","10,052","5,405","26,820","8,649","66,452","41,478","2,031","43,820","13,592","17,648","56,911","3,800","20,968","3,035","26,385","79,041","7,690","2,531","25,449","21,503","9,914","21,479","2,200","29,983"
with_138149_o65_public,"20,692","2,174","27,905","14,855","99,902","12,905","8,943","2,712","1,314","109,604","34,218","4,046","6,882","39,025","26,624","9,348","10,747","15,836","20,780","7,037","17,750","23,860","36,679","17,857","13,809","21,564","5,375","6,868","8,978","5,385","26,317","8,318","65,419","40,377","2,024","43,284","13,312","17,443","56,160","3,800","20,315","3,035","26,172","74,370","7,634","2,531","24,563","20,850","9,815","21,385","2,200","28,854"
no_138149_o65_public,320,0,650,544,"2,555",206,0,138,0,"4,081",607,25,32,605,689,240,82,242,262,146,567,827,539,196,21,402,77,78,"1,074",20,503,331,"1,033","1,101",7,536,280,205,751,0,653,0,213,"4,671",56,0,886,653,99,94,0,"1,129"
total_150199_u19_public,"128,050","17,321","177,391","90,177","860,906","104,976","58,044","23,229","5,027","501,116","280,006","24,360","66,905","269,089","194,325","79,414","71,078","118,214","117,571","25,021","108,863","86,518","221,082","113,251","81,489","151,908","22,994","53,516","82,731","15,550","152,981","57,082","362,350","260,882","14,216","272,701","111,839","78,740","259,222","20,823","133,040","29,312","174,099","827,847","93,945","10,443","179,350","144,017","45,029","113,579","14,509","53,984"
with_150199_u19_public,"77,378","10,936","86,613","55,172","575,744","64,628","41,553","14,528","4,021","275,801","169,905","13,285","33,871","147,052","100,032","50,561","33,636","67,875","77,701","14,251","61,708","59,062","114,126","67,260","48,258","76,045","13,587","23,193","42,294","10,037","92,503","41,317","232,055","152,674","4,588","148,272","67,409","50,813","150,547","13,525","76,914","11,152","104,466","405,005","24,419","8,196","100,740","95,771","26,937","64,799","6,116","22,083"
no_150199_u19_public,"50,672","6,385","90,778","35,005","285,162","40,348","16,491","8,701","1,006","225,315","110,101","11,075","33,034","122,037","94,293","28,853","37,442","50,339","39,870","10,770","47,155","27,456","106,956","45,991","33,231","75,863","9,407","30,323","40,437","5,513","60,478","15,765","130,295","108,208","9,628","124,429","44,430","27,927","108,675","7,298","56,126","18,160","69,633","422,842","69,526","2,247","78,610","48,246","18,092","48,780","8,393","31,901"
total_150199_1964_public,"258,338","26,872","329,553","175,436","1,701,792","199,561","119,960","42,004","12,394","1,093,802","509,342","45,448","105,718","510,153","342,644","141,628","135,520","222,816","236,723","61,120","191,192","197,866","441,380","194,282","166,949","284,864","48,700","87,178","160,283","40,085","313,846","114,088","768,456","515,720","30,506","509,607","204,717","177,994","513,300","38,663","254,078","40,908","346,501","1,518,145","144,176","20,637","328,417","278,905","87,649","225,426","24,297","232,696"
with_150199_1964_public,"60,932","10,440","95,087","50,663","725,537","69,739","52,886","15,911","5,887","215,629","100,545","16,551","26,702","160,182","106,291","45,679","22,602","94,255","93,664","24,738","66,139","100,327","164,935","75,893","34,498","67,979","15,739","17,670","46,410","11,727","102,042","48,573","364,318","116,869","6,096","168,353","50,519","70,556","181,236","15,411","65,807","5,441","83,131","224,419","23,286","9,511","101,953","96,636","28,743","72,699","3,325","87,290"
no_150199_1964_public,"197,406","16,432","234,466","124,773","976,255","129,822","67,074","26,093","6,507","878,173","408,797","28,897","79,016","349,971","236,353","95,949","112,918","128,561","143,059","36,382","125,053","97,539","276,445","118,389","132,451","216,885","32,961","69,508","113,873","28,358","211,804","65,515","404,138","398,851","24,410","341,254","154,198","107,438","332,064","23,252","188,271","35,467","263,370","1,293,726","120,890","11,126","226,464","182,269","58,906","152,727","20,972","145,406"
total_150199_o65_public,"95,434","7,680","111,194","56,754","471,551","66,030","51,226","13,896","3,822","434,231","145,025","18,043","28,920","179,709","114,190","54,005","47,018","87,688","85,249","30,682","63,843","86,277","166,901","73,438","55,160","108,502","22,572","28,309","50,954","20,297","108,838","39,722","274,836","187,425","10,454","206,537","66,818","61,072","230,740","19,223","101,558","13,084","123,597","361,724","28,999","11,249","113,702","93,383","47,777","92,862","12,516","97,508"
with_150199_o65_public,"94,013","7,568","108,399","54,480","452,856","64,250","49,857","13,302","3,747","417,669","140,317","17,132","28,538","173,077","111,943","53,544","44,885","85,823","83,021","30,169","60,378","84,383","164,448","72,590","54,499","106,567","22,048","27,676","48,656","19,678","104,390","39,103","268,474","184,116","10,394","203,094","64,446","59,679","226,513","18,592","99,974","12,972","121,332","341,473","28,326","11,153","109,324","90,143","47,066","91,739","12,253","94,396"
no_150199_o65_public,"1,421",112,"2,795","2,274","18,695","1,780","1,369",594,75,"16,562","4,708",911,382,"6,632","2,247",461,"2,133","1,865","2,228",513,"3,465","1,894","2,453",848,661,"1,935",524,633,"2,298",619,"4,448",619,"6,362","3,309",60,"3,443","2,372","1,393","4,227",631,"1,584",112,"2,265","20,251",673,96,"4,378","3,240",711,"1,123",263,"3,112"
total_200249_u19_public,"114,460","14,719","165,615","72,322","790,793","97,359","55,692","18,937","5,135","461,673","254,176","24,887","52,152","234,191","166,473","76,623","82,218","94,418","101,471","23,627","105,329","90,454","206,419","119,533","68,008","142,956","26,757","53,065","74,700","21,044","151,876","43,615","308,296","220,617","19,367","232,417","110,667","73,901","249,483","12,608","124,518","26,003","161,677","745,924","101,236","10,019","147,790","136,153","36,560","105,067","14,548","33,412"
with_200249_u19_public,"49,274","7,250","53,840","32,745","439,983","46,815","32,809","9,902","4,394","198,726","116,558","11,267","14,555","98,903","64,478","34,189","24,263","44,092","56,952","10,325","52,191","51,014","82,222","50,492","26,058","57,411","12,826","18,644","26,992","11,591","79,475","27,327","162,135","100,466","5,672","85,552","50,689","39,544","108,433","5,849","59,198","3,721","70,577","272,310","18,382","5,539","62,172","83,663","15,809","38,910","4,836","7,911"
no_200249_u19_public,"65,186","7,469","111,775","39,577","350,810","50,544","22,883","9,035",741,"262,947","137,618","13,620","37,597","135,288","101,995","42,434","57,955","50,326","44,519","13,302","53,138","39,440","124,197","69,041","41,950","85,545","13,931","34,421","47,708","9,453","72,401","16,288","146,161","120,151","13,695","146,865","59,978","34,357","141,050","6,759","65,320","22,282","91,100","473,614","82,854","4,480","85,618","52,490","20,751","66,157","9,712","25,501"
total_200249_1964_public,"246,330","28,266","339,159","163,549","1,648,192","209,288","124,931","39,738","14,843","1,085,214","522,128","48,943","88,450","502,079","309,357","144,130","139,142","213,643","213,114","58,562","198,327","205,499","452,424","212,180","145,634","290,420","59,052","96,992","161,991","43,690","329,124","95,521","697,877","506,557","33,239","510,930","207,055","182,803","524,499","31,733","266,412","41,833","346,512","1,442,766","154,050","21,858","301,693","270,344","89,129","221,340","24,218","169,009"
with_200249_1964_public,"39,710","8,473","67,050","37,523","584,838","58,711","43,223","11,340","7,378","192,007","80,715","12,908","13,757","115,836","70,891","33,345","17,382","57,817","65,793","16,558","59,723","81,918","120,857","58,374","20,750","51,483","14,553","15,150","35,781","10,577","83,952","31,992","258,273","95,369","4,515","127,448","39,012","58,848","139,124","9,617","46,952","3,182","67,332","180,115","16,969","6,890","81,290","70,858","25,364","48,008","2,776","50,809"
no_200249_1964_public,"206,620","19,793","272,109","126,026","1,063,354","150,577","81,708","28,398","7,465","893,207","441,413","36,035","74,693","386,243","238,466","110,785","121,760","155,826","147,321","42,004","138,604","123,581","331,567","153,806","124,884","238,937","44,499","81,842","126,210","33,113","245,172","63,529","439,604","411,188","28,724","383,482","168,043","123,955","385,375","22,116","219,460","38,651","279,180","1,262,651","137,081","14,968","220,403","199,486","63,765","173,332","21,442","118,200"
total_200249_o65_public,"90,819","7,930","122,883","58,804","443,409","67,551","49,293","18,398","4,050","400,686","143,714","19,632","28,503","180,199","113,954","60,191","43,325","83,032","74,620","29,911","65,653","88,436","175,409","80,675","46,716","107,316","18,934","27,817","45,327","22,480","118,291","34,515","251,274","170,393","10,523","215,983","60,366","68,374","228,078","12,557","90,581","14,915","111,691","355,856","31,385","12,095","98,758","96,497","38,816","106,311","9,912","65,871"
with_200249_o65_public,"88,975","7,698","118,820","57,527","420,606","66,127","46,773","17,634","4,050","386,862","138,700","18,381","27,905","171,581","110,941","58,750","41,127","81,055","72,306","29,143","62,485","83,468","171,505","78,350","45,579","104,773","18,613","26,964","43,274","22,155","111,938","33,281","243,837","166,211","10,401","210,133","59,206","67,263","223,100","11,931","87,639","14,723","109,995","338,592","30,121","11,839","95,213","93,199","37,793","104,035","9,597","62,212"
no_200249_o65_public,"1,844",232,"4,063","1,277","22,803","1,424","2,520",764,0,"13,824","5,014","1,251",598,"8,618","3,013","1,441","2,198","1,977","2,314",768,"3,168","4,968","3,904","2,325","1,137","2,543",321,853,"2,053",325,"6,353","1,234","7,437","4,182",122,"5,850","1,160","1,111","4,978",626,"2,942",192,"1,696","17,264","1,264",256,"3,545","3,298","1,023","2,276",315,"3,659"
total_250299_u19_public,"110,154","15,248","136,814","64,366","684,627","102,147","58,311","20,106","12,835","389,539","222,461","24,853","52,509","224,947","159,890","70,227","67,726","83,730","90,366","23,484","109,898","84,843","185,542","112,480","60,966","129,006","25,456","48,840","63,541","23,491","137,747","39,374","274,396","206,910","18,831","220,798","90,974","76,538","216,567","16,917","97,548","16,250","149,491","634,629","107,274","9,842","152,081","143,267","33,206","122,398","11,140","26,982"
with_250299_u19_public,"35,092","6,638","39,873","26,210","301,794","40,734","24,279","8,671","6,110","133,549","78,147","10,006","13,099","71,968","41,439","21,611","18,141","32,888","40,671","5,238","40,542","36,761","54,426","40,520","18,643","33,003","8,544","12,910","17,288","9,079","55,771","22,513","116,253","71,663","1,908","59,397","30,317","27,978","74,267","4,790","31,667","2,189","52,076","167,166","13,579","4,935","41,343","61,616","10,613","33,760","1,929","6,864"
no_250299_u19_public,"75,062","8,610","96,941","38,156","382,833","61,413","34,032","11,435","6,725","255,990","144,314","14,847","39,410","152,979","118,451","48,616","49,585","50,842","49,695","18,246","69,356","48,082","131,116","71,960","42,323","96,003","16,912","35,930","46,253","14,412","81,976","16,861","158,143","135,247","16,923","161,401","60,657","48,560","142,300","12,127","65,881","14,061","97,415","467,463","93,695","4,907","110,738","81,651","22,593","88,638","9,211","20,118"
total_250299_1964_public,"251,528","31,153","343,607","145,533","1,704,541","251,373","134,785","46,765","24,661","1,101,732","527,445","52,100","93,813","562,542","343,567","159,605","142,814","210,149","210,421","71,059","234,803","236,187","477,850","244,424","136,371","295,484","56,594","99,302","164,037","53,552","347,129","99,577","764,736","519,371","34,955","561,110","204,093","191,524","555,539","45,709","267,804","39,377","367,973","1,478,983","174,361","28,224","344,794","312,673","85,905","293,210","27,329","136,587"
with_250299_1964_public,"35,878","5,910","63,412","27,360","478,757","46,896","34,851","12,020","8,507","152,559","65,431","11,461","13,900","92,169","51,203","26,399","14,615","50,891","52,883","13,026","48,439","77,077","98,153","49,048","19,257","41,416","11,726","11,505","28,908","7,464","75,229","31,618","222,955","69,947","2,016","98,508","30,345","38,896","94,862","7,578","42,534","3,834","54,628","145,527","14,529","7,403","56,222","66,328","20,710","46,051","1,878","27,137"
no_250299_1964_public,"215,650","25,243","280,195","118,173","1,225,784","204,477","99,934","34,745","16,154","949,173","462,014","40,639","79,913","470,373","292,364","133,206","128,199","159,258","157,538","58,033","186,364","159,110","379,697","195,376","117,114","254,068","44,868","87,797","135,129","46,088","271,900","67,959","541,781","449,424","32,939","462,602","173,748","152,628","460,677","38,131","225,270","35,543","313,345","1,333,456","159,832","20,821","288,572","246,345","65,195","247,159","25,451","109,450"
total_250299_o65_public,"75,583","7,252","118,267","48,163","425,397","69,825","41,728","18,063","3,799","405,220","139,368","18,804","30,626","170,217","108,928","50,244","44,731","71,294","66,607","25,327","68,325","83,236","178,220","82,436","46,208","105,631","18,654","26,459","45,114","18,660","106,757","30,322","241,445","160,560","11,698","204,376","56,460","65,436","224,446","14,800","87,635","12,542","111,729","327,026","33,681","12,154","103,556","97,336","38,247","101,242","9,782","44,638"
with_250299_o65_public,"73,406","7,116","115,452","47,150","406,294","67,284","40,735","17,681","3,445","391,019","133,439","17,558","29,624","164,762","106,806","49,538","43,631","69,414","64,281","24,788","63,690","79,721","175,415","80,613","45,154","103,514","18,109","25,358","42,746","18,216","99,922","29,715","232,397","156,634","11,509","197,675","54,537","63,206","217,238","14,108","86,051","12,271","108,069","309,513","32,251","11,767","97,806","93,814","38,100","99,307","9,628","43,272"
no_250299_o65_public,"2,177",136,"2,815","1,013","19,103","2,541",993,382,354,"14,201","5,929","1,246","1,002","5,455","2,122",706,"1,100","1,880","2,326",539,"4,635","3,515","2,805","1,823","1,054","2,117",545,"1,101","2,368",444,"6,835",607,"9,048","3,926",189,"6,701","1,923","2,230","7,208",692,"1,584",271,"3,660","17,513","1,430",387,"5,750","3,522",147,"1,935",154,"1,366"
total_300399_u19_public,"153,257","23,017","227,396","94,228","1,061,209","175,072","82,755","27,534","6,271","641,466","336,570","53,981","75,653","386,302","238,439","113,892","109,126","144,060","132,299","42,972","184,580","163,697","312,244","187,956","88,238","212,740","39,346","75,463","100,112","43,360","231,273","60,893","466,331","319,864","23,191","380,842","129,689","120,908","367,276","27,213","153,871","39,347","214,708","1,023,093","194,367","16,758","247,576","231,817","54,031","210,131","26,110","24,670"
with_300399_u19_public,"33,286","7,020","50,582","21,204","346,422","50,224","19,417","6,601","2,168","156,162","77,006","14,158","14,646","89,320","40,576","24,566","16,125","30,681","39,300","9,964","48,907","50,746","64,511","37,828","25,184","39,351","8,509","11,040","19,107","9,068","59,236","23,868","144,808","73,582","2,500","69,284","27,950","35,681","85,423","6,302","36,144","4,380","49,754","199,670","17,034","5,839","48,573","70,334","9,954","37,518","4,132","3,915"
no_300399_u19_public,"119,971","15,997","176,814","73,024","714,787","124,848","63,338","20,933","4,103","485,304","259,564","39,823","61,007","296,982","197,863","89,326","93,001","113,379","92,999","33,008","135,673","112,951","247,733","150,128","63,054","173,389","30,837","64,423","81,005","34,292","172,037","37,025","321,523","246,282","20,691","311,558","101,739","85,227","281,853","20,911","117,727","34,967","164,954","823,423","177,333","10,919","199,003","161,483","44,077","172,613","21,978","20,755"
total_300399_1964_public,"414,507","51,929","627,525","256,860","3,015,532","487,668","232,391","81,043","35,419","1,913,030","891,619","119,985","184,477","1,044,148","606,207","280,883","250,781","382,216","347,518","120,673","441,539","463,264","829,658","474,390","243,077","546,924","93,785","169,420","289,096","115,746","601,125","167,356","1,434,963","920,601","66,107","999,412","335,563","337,358","1,072,868","94,109","426,107","82,164","615,822","2,596,068","328,945","55,097","650,517","604,362","143,311","541,082","54,698","154,656"
with_300399_1964_public,"45,280","8,331","88,492","32,768","656,310","75,314","40,708","15,123","6,421","196,671","93,698","18,512","23,815","137,646","61,271","31,597","18,723","56,971","69,317","17,742","68,437","108,867","129,172","57,770","29,119","50,556","13,415","15,174","41,379","9,998","87,857","35,201","318,977","96,307","4,349","132,653","40,614","57,849","139,676","18,920","45,116","4,992","67,948","216,353","21,417","8,935","89,211","93,224","20,999","59,114","5,143","28,001"
no_300399_1964_public,"369,227","43,598","539,033","224,092","2,359,222","412,354","191,683","65,920","28,998","1,716,359","797,921","101,473","160,662","906,502","544,936","249,286","232,058","325,245","278,201","102,931","373,102","354,397","700,486","416,620","213,958","496,368","80,370","154,246","247,717","105,748","513,268","132,155","1,115,986","824,294","61,758","866,759","294,949","279,509","933,192","75,189","380,991","77,172","547,874","2,379,715","307,528","46,162","561,306","511,138","122,312","481,968","49,555","126,655"
total_300399_o65_public,"133,371","11,614","195,788","75,619","722,386","130,265","85,473","33,216","7,131","672,954","226,789","41,984","56,024","308,754","184,050","91,076","79,306","113,134","105,314","43,642","124,708","156,818","313,166","157,582","68,518","169,574","35,826","50,404","74,715","40,276","190,145","53,904","441,208","270,707","15,829","339,420","98,708","116,319","371,962","26,025","147,105","23,953","174,785","551,313","59,268","19,143","184,560","186,320","57,833","178,347","17,200","47,510"
with_300399_o65_public,"128,294","11,043","188,451","73,853","679,804","125,148","81,505","32,370","6,507","641,149","218,392","39,331","54,564","293,953","177,487","89,216","76,572","110,327","101,734","42,829","117,175","147,994","305,284","153,362","67,047","164,143","35,164","48,757","71,257","38,938","177,267","52,175","423,462","263,181","15,303","327,514","96,184","112,135","358,992","25,421","143,633","23,491","169,690","520,508","56,164","18,494","178,272","177,203","56,279","174,503","17,183","45,130"
no_300399_o65_public,"5,077",571,"7,337","1,766","42,582","5,117","3,968",846,624,"31,805","8,397","2,653","1,460","14,801","6,563","1,860","2,734","2,807","3,580",813,"7,533","8,824","7,882","4,220","1,471","5,431",662,"1,647","3,458","1,338","12,878","1,729","17,746","7,526",526,"11,906","2,524","4,184","12,970",604,"3,472",462,"5,095","30,805","3,104",649,"6,288","9,117","1,554","3,844",17,"2,380"
total_o400_u19_public,"286,990","71,836","497,492","155,877","3,185,031","546,505","336,544","81,029","69,112","1,315,698","783,030","116,153","132,776","1,048,096","453,764","239,186","213,177","259,064","264,420","81,113","631,327","689,126","664,009","556,889","141,041","409,645","71,835","159,071","183,231","121,296","983,991","90,839","1,499,958","711,548","80,792","810,270","225,328","308,224","923,527","84,989","312,915","59,553","429,680","2,270,212","310,421","52,504","812,352","699,202","84,725","444,352","34,941","35,989"
with_o400_u19_public,"32,492","7,735","45,858","17,177","366,834","50,139","29,149","8,041","7,717","138,289","79,123","17,094","11,197","76,087","36,146","21,332","13,144","24,996","37,628","7,781","62,806","68,910","59,083","36,100","18,212","35,762","8,873","11,799","18,597","8,024","77,920","16,616","187,523","67,026","6,835","61,919","26,241","33,791","106,000","11,099","35,891","3,814","36,116","186,913","14,447","6,462","66,314","76,485","9,589","31,915","4,076","2,420"
no_o400_u19_public,"254,498","64,101","451,634","138,700","2,818,197","496,366","307,395","72,988","61,395","1,177,409","703,907","99,059","121,579","972,009","417,618","217,854","200,033","234,068","226,792","73,332","568,521","620,216","604,926","520,789","122,829","373,883","62,962","147,272","164,634","113,272","906,071","74,223","1,312,435","644,522","73,957","748,351","199,087","274,433","817,527","73,890","277,024","55,739","393,564","2,083,299","295,974","46,042","746,038","622,717","75,136","412,437","30,865","33,569"
total_o400_1964_public,"1,057,473","210,158","1,791,805","571,358","11,135,862","1,912,828","1,172,026","272,816","276,899","5,239,025","2,755,061","384,190","435,994","3,515,327","1,574,840","757,045","671,260","929,439","885,658","352,375","2,020,245","2,442,648","2,431,976","1,715,602","512,808","1,439,190","257,519","472,132","773,465","479,788","3,123,167","395,560","5,639,138","2,604,304","205,936","2,825,376","771,322","1,141,644","3,395,436","328,599","1,182,606","204,415","1,651,182","7,387,202","895,110","185,322","2,599,424","2,474,032","326,901","1,576,814","135,992","209,510"
with_o400_1964_public,"80,523","23,414","142,601","47,685","1,030,157","138,764","83,765","21,968","17,100","364,697","180,600","43,080","32,275","195,801","102,083","46,492","32,526","76,587","81,484","27,801","164,453","199,739","180,374","104,100","37,157","83,364","23,541","25,419","68,906","27,156","190,261","53,836","544,093","175,689","12,648","175,459","59,282","92,545","227,442","28,006","78,502","12,605","96,151","396,062","39,177","15,470","217,001","184,237","25,765","81,506","8,954","24,038"
no_o400_1964_public,"976,950","186,744","1,649,204","523,673","10,105,705","1,774,064","1,088,261","250,848","259,799","4,874,328","2,574,461","341,110","403,719","3,319,526","1,472,757","710,553","638,734","852,852","804,174","324,574","1,855,792","2,242,909","2,251,602","1,611,502","475,651","1,355,826","233,978","446,713","704,559","452,632","2,932,906","341,724","5,095,045","2,428,615","193,288","2,649,917","712,040","1,049,099","3,167,994","300,593","1,104,104","191,810","1,555,031","6,991,140","855,933","169,852","2,382,423","2,289,795","301,136","1,495,308","127,038","185,472"
total_o400_o65_public,"313,726","50,613","599,732","168,136","2,912,561","445,433","341,459","102,712","44,362","1,908,742","654,473","151,761","131,290","910,520","404,512","217,659","198,440","241,614","250,152","123,701","556,508","616,989","707,463","434,012","141,017","401,036","89,174","136,869","232,259","138,265","822,097","161,006","1,535,807","712,245","55,693","772,787","235,903","346,783","985,700","92,454","392,771","68,883","441,879","1,652,783","198,607","60,814","722,208","627,897","106,442","427,529","43,847","57,348"
with_o400_o65_public,"298,715","48,032","566,967","160,990","2,665,116","415,675","315,124","97,929","40,458","1,811,311","610,925","142,858","126,179","837,526","379,443","206,334","186,491","230,822","236,383","116,864","503,951","557,357","670,015","405,560","135,051","378,718","85,619","127,679","218,563","127,451","752,607","153,513","1,430,829","675,088","54,084","716,298","225,618","329,849","924,048","85,238","378,785","66,055","421,304","1,534,533","184,143","57,909","673,012","585,366","102,405","406,088","41,605","54,009"
no_o400_o65_public,"15,011","2,581","32,765","7,146","247,445","29,758","26,335","4,783","3,904","97,431","43,548","8,903","5,111","72,994","25,069","11,325","11,949","10,792","13,769","6,837","52,557","59,632","37,448","28,452","5,966","22,318","3,555","9,190","13,696","10,814","69,490","7,493","104,978","37,157","1,609","56,489","10,285","16,934","61,652","7,216","13,986","2,828","20,575","118,250","14,464","2,905","49,196","42,531","4,037","21,441","2,242","3,339"